"","chr","pos","ref","A1","C1","G1","T1","N1","A2","C2","G2","T2","N2","p.value","d.value"
"1","MT",64,"C",1,415,1,0,0,1,5,0,646,0,4.16788827407705e-298,1.39889667192084
"2","MT",73,"A",438,0,0,0,0,3,0,676,0,0,7.83224234956055e-317,1.40796519611813
"3","MT",146,"T",0,0,0,478,0,1,671,0,1,0,0,1.41106269970655
"4","MT",152,"T",0,466,0,0,0,0,1,1,646,0,0,1.41094118577674
"5","MT",153,"A",463,0,0,0,0,0,0,658,0,0,0,1.4142135623731
"6","MT",235,"A",406,0,0,0,0,3,1,602,0,0,4.39784542021381e-288,1.40604711476113
"7","MT",515,"A",266,6,0,0,0,52,4,19,1,0,1.28410882121322e-15,0.387150511310669
"8","MT",663,"A",454,0,0,0,0,7,5,691,0,0,9.53546696473606e-321,1.39512976273517
"9","MT",1736,"A",517,0,0,2,0,5,1,733,1,0,0,1.40002520905373
"10","MT",2706,"A",550,0,1,3,0,0,0,836,0,0,0,1.40784735401836
"11","MT",4248,"T",1,0,0,432,0,1,618,0,7,0,3.73009160488323e-295,1.39563734052971
"12","MT",4812,"G",0,387,0,0,0,0,1,591,0,0,7.16148192823841e-282,1.41182468811233
"13","MT",4824,"A",417,0,0,0,0,4,0,614,1,0,2.80985716890054e-293,1.40393392100942
"14","MT",6776,"T",0,459,0,2,0,0,0,1,611,0,3.22265858572554e-312,1.40692416565151
"15","MT",7028,"C",1,428,0,0,0,0,0,1,626,0,1.33378868701949e-308,1.41144045471528
"16","MT",8027,"G",0,0,526,0,0,761,1,2,1,0,0,1.40867005287583
"17","MT",8794,"C",0,323,1,0,0,0,5,0,449,0,3.70592581917584e-218,1.39646121095165
"18","MT",11380,"A",521,0,0,1,0,5,0,731,0,0,0,1.40325348407143
"19","MT",11719,"G",0,1,486,1,0,768,2,5,1,0,0,1.39947003868595
"20","MT",12007,"G",2,0,464,2,0,752,1,6,1,0,0,1.3921266875324
"21","MT",12705,"C",4,575,1,3,0,4,7,0,818,0,0,1.38552367784799
"22","MT",14745,"C",3,451,0,0,0,2,3,0,753,0,0,1.40208661048115
"23","MT",14766,"C",0,488,0,0,0,5,2,0,738,0,0,1.40569536542761
"24","MT",16111,"C",0,487,1,0,0,3,4,0,720,0,0,1.40207391042597
"25","MT",16223,"C",2,421,0,0,0,1,3,1,644,0,1.60118258799268e-303,1.40215895811482
"26","MT",16290,"C",0,470,0,0,0,0,2,0,676,0,0,1.41004184095017
"27","MT",16319,"G",0,0,487,2,0,708,3,8,3,0,0,1.38978473691936
"28","MT",16362,"T",2,0,0,495,0,0,727,2,14,0,0,1.38282611354794
